solicitante_id,nombre_completo,tipo_documento,numero_documento,fecha_nacimiento,numero_celular,correo_electronico,nivel_estudio,profesion,estado_civil,personas_a_cargo,id,direccion_residencia,tipo_vivienda,barrio,departamento,estrato,ciudad_gestion,id_economic_activity,actividad_economica,empresa_labora,fecha_vinculacion,direccion_empresa,telefono_empresa,tipo_contrato,cargo_actual,id_financial_info,ingresos,valor_inmueble,cuota_inicial,porcentaje_financiar,total_egresos,total_activos,total_pasivos,id_product,tipo_credito,plazo_meses,segundo_titular,observacion,estado,id_solicitud,asesor_id,banco,created_at
24,Juan Pedro Sanchez,CC,143245,2025-02-22,434324,jsanchez@gmail.com,Primaria,Ingeniero en sistemas y computación,Soltero,5.0,11.0,Crra38 18A-42,Propia,Vista hermosa,Atlantico,3.0,Barranquilla,8.0,Ingeniero,Zacks Company,2025-02-22,Itagui,3244234,Indefinido,Product Data Analyst,7.0,2800000.0,423143.0,99999.0,12.0,4234214.0,32421.0,99999.0,6.0,Hipotecario,23.0,True,nadaaa,Aprobado,5.0,1.0,Bancolombia,2025-02-22T19:09:49.37573+00:00
29,Fernando Antonio Oliveros Ocampo,CC,15533996,2025-03-22,3824488997,fernando@gmail.com,Primaria,Docente,Soltero,2.0,16.0,cl 4 # 3,Propia,Vista hermosa,Atlantico,1.0,Barranquilla,13.0,contratista,Zacks Company,2025-03-03,cl 4  # 3,3245345646,Indefinido,docente,11.0,1.0,1.0,1.0,1.0,1.0,2.0,1.0,11.0,Hipotecario,6.0,True,El se quiere ir a beber birra con sus compas pauuuuuuu,Pendiente,10.0,6.0,Bancolombia,2025-03-05T23:03:06.518089+00:00
30,Pedro,CC,4354355,2025-03-06,4543254325,holaxd@gmail.com,Técnico,Ingeniero,Soltero,2.0,17.0,CL 18- 42 #55,Propia,Vista hermosa,Atlantico,4.0,Soledad,14.0,Nose,Kolo,2025-03-06,Itaguia,324235235,Indefinido,Este,12.0,444444.0,4545454.0,4534543.0,4.0,534534543.0,34534543.0,4564564.0,12.0,Hipotecario,3.0,False,Veamos si se suben las imágenes,pendiente,,,,
31,Black Beiv,CC,33332221,2025-03-05,4444,kas@gmail.com,Primaria,Ingeniero,Soltero,5.0,,,,,,,,,,,,,,,,,,,,,,,,,,,,,,,,,
18,Juan Carlos Pérez Rodríguez,CC,1255447899,1985-06-15,3001234567,juan.perez@email.com,Universitario,Ingeniero de Sistemas,Casado,2.0,6.0,Calle 123 # 45-67,Propia,Los Alamos,Cundinamarca,4.0,Bogotá,3.0,Empleado,Tecnología SA,2020-03-15,Carrera 7 # 71-21,6011234567,Indefinido,Desarrollador Senior,2.0,5000000.0,350000000.0,70000000.0,80.0,3000000.0,100000000.0,20000000.0,2.0,Hipotecario,240.0,False,Cliente requiere desembolso en 30 días,Desembolsado,1.0,1.0,Banco Example,2025-02-11T02:14:28.085915+00:00
19,María Fernanda López,CC,9876543210,1990-12-25,3109876543,maria.lopez@email.com,Primaria,Arquitecta,Soltero,0.0,7.0,Avenida 45 # 10-20,Propia,Chapinero,Antioquia,5.0,Medellín,4.0,Independiente,Arquitectura Moderna,2018-07-01,Calle 50 # 20-30,6049876543,Indefinido,Gerente de Proyectos,3.0,8000000.0,450000000.0,90000000.0,75.0,4000000.0,150000000.0,30000000.0,3.0,Hipotecario,120.0,True,Cliente solicita revisión de tasas,Aprobado,2.0,1.0,Banco Innovación,2025-02-11T02:16:40.249674+00:00
32,Black Bleiv,CC,55586,2025-03-12,44432,kkqkk@gmail.com,Primaria,Ingeniero,Soltero,5.0,18.0,Casa,Propia,Aca,Medellin,4.0,4554,,,,,,,,,,,,,,,,,,,,,,,,,,
21,María Fernanda,CC,98743210,1990-12-25,3109876543,maria.lopez@email.com,Primaria,Arquitecta,Soltero,0.0,8.0,Avenida 45 # 10-20,Propia,Chapinero,Antioquia,5.0,Medellín,5.0,Independiente,Arquitectura Moderna,2018-07-01,Calle 50 # 20-30,6049876543,Indefinido,Gerente de Proyectos,4.0,8000000.0,450000000.0,90000000.0,75.0,4000000.0,150000000.0,30000000.0,4.0,Hipotecario,120.0,True,Cliente solicita revisión de tasas,Aprobado,3.0,1.0,Banco Innovación,2025-02-22T18:17:04.12348+00:00
33,Black Bleiv,CC,55586,2025-03-12,44432,kkqkk@gmail.com,Primaria,Ingeniero,Soltero,5.0,19.0,Casa,Propia,Aca,Medellin,4.0,4554,15.0,455,Mcdonalds,2025-03-05,Aca,343443,Indefinido,Profesion,13.0,23423423.0,5543.0,4234233.0,32.0,2334234332.0,54242.0,534543.0,13.0,Hipotecario,3.0,False,Imagenes porfavoh,Radicado,,,,
70,Prueba test2,TI,466291144,1990-12-25,3109876543,maria.lopez@email.com,Maestría,Arquitecta,Soltera,0.0,45.0,Avenida 45 # 10-20,Arrendada,Chapinero,Antioquia,5.0,Medellín,41.0,Independiente,Arquitectura Moderna,2018-07-01,Calle 50 # 20-30,6049876543,Prestación de servicios,Gerente de Proyectos,39.0,8000000.0,450000000.0,90000000.0,75.0,4000000.0,150000000.0,30000000.0,37.0,Consumo,120.0,False,Cliente solicita revisión de tasas,Radicado,23.0,10.0,Banco Innovación,2025-03-15T02:12:28.651708+00:00
23,Pepito,CC,14324,2025-02-22,555555,jsanchez@gmail.com,Primaria,Ingeniero en sistemas y computación,Soltero,5.0,10.0,Crra38 18A-42,Propia,Las margaritas,Atlantico,3.0,Barranquilla,7.0,Ingeniero,Zacks Company,2025-02-22,Itagui,3244234,Indefinido,Product Data Analyst,6.0,2800000.0,423143.0,99999.0,12.0,4234214.0,32421.0,99999.0,8.0,Hipotecario,23.0,True,nadaaa,Pendiente,7.0,1.0,Bancolombia,2025-02-26T05:11:08.315582+00:00
34,Black Bleiv,CC,55586,2025-03-12,44432,kkqkk@gmail.com,Primaria,Ingeniero,Soltero,5.0,20.0,Casa,Propia,Aca,Medellin,4.0,4554,16.0,455,Mcdonalds,2025-03-05,Aca,343443,Indefinido,Profesion,14.0,23423423.0,5543.0,4234233.0,32.0,2334234332.0,54242.0,534543.0,14.0,Hipotecario,3.0,False,Imagenes porfavoh,Radicado,,,,
35,Black Bleiv3,CC,111222,2025-03-12,44432,kkqkk@gmail.com,Primaria,Ingeniero,Soltero,5.0,21.0,Casa,Propia,Aca,Medellin,4.0,4554,17.0,455,Mcdonalds,2025-03-05,Aca,343443,Indefinido,Profesion,15.0,23423423.0,5543.0,4234233.0,32.0,2334234332.0,54242.0,534543.0,15.0,Hipotecario,3.0,False,Imagenes porfavoh,Radicado,,,,
36,xdPedro,CC,44452,2025-03-12,44432,kkqkk@gmail.com,Primaria,Ingeniero,Soltero,5.0,22.0,Casa,Propia,Aca,Medellin,4.0,4554,18.0,455,Mcdonalds,2025-03-05,Aca,343443,Indefinido,Profesion,16.0,23423423.0,5543.0,4234233.0,32.0,2334234332.0,54242.0,534543.0,16.0,Hipotecario,3.0,False,Imagenes porfavoh,Radicado,,,,
37,HolaKAK,CC,5677,2025-03-12,44432,kkqkk@gmail.com,Primaria,Ingeniero,Soltero,5.0,23.0,Casa,Propia,Aca,Medellin,4.0,4554,19.0,455,Mcdonalds,2025-03-05,Aca,343443,Indefinido,Profesion,17.0,23423423.0,5543.0,4234233.0,32.0,2334234332.0,54242.0,534543.0,17.0,Hipotecario,3.0,False,Imagenes porfavoh,Radicado,,,,
25,Fernando Oliveros,CC,12345678,2025-02-06,1233424,foliverosocampo0322@gmail.com,Primaria,ingeniero,Soltero,0.0,12.0,cl 4 # 3,Propia,Camino,Atlantico,2.0,Barranquilla,9.0,contratista,no aplica,2025-02-20,cl 4  # 3,3245345646,Indefinido,ingeniero,8.0,1.0,2.0,1.0,2.0,2.0,2.0,1.0,7.0,Hipotecario,2.0,True,Esto es una prueba. Esto es una observación añadida por el banco. El estado se cambió a Aprobado,Aprobado,6.0,1.0,Bancolombia,2025-02-24T19:19:45.749149+00:00
71,Prueba test3,TI,1111291144,1990-12-25,3109876543,maria.lopez@email.com,Maestría,Arquitecta,Soltera,0.0,46.0,Avenida 45 # 10-20,Arrendada,Chapinero,Antioquia,5.0,Medellín,42.0,Independiente,Arquitectura Moderna,2018-07-01,Calle 50 # 20-30,6049876543,Prestación de servicios,Gerente de Proyectos,40.0,8000000.0,450000000.0,90000000.0,75.0,4000000.0,150000000.0,30000000.0,38.0,Consumo,120.0,False,Cliente solicita revisión de tasas,Radicado,24.0,10.0,Banco Innovación,2025-03-15T02:12:56.399546+00:00
38,ZackPerezxd,CC,98888,2025-03-12,44432,kkqkk@gmail.com,Primaria,Ingeniero,Soltero,5.0,24.0,Casa,Propia,Aca,Medellin,4.0,4554,20.0,455,Mcdonalds,2025-03-05,Aca,343443,Indefinido,Profesion,18.0,23423423.0,5543.0,4234233.0,32.0,2334234332.0,54242.0,534543.0,18.0,Hipotecario,3.0,False,Imagenes porfavoh,Radicado,,,,
39,ZackSykes,CC,766555,2025-03-12,44432,kkqkk@gmail.com,Primaria,Ingeniero,Soltero,5.0,25.0,Casa,Propia,Aca,Medellin,4.0,4554,21.0,455,Mcdonalds,2025-03-05,Aca,343443,Indefinido,Profesion,19.0,23423423.0,5543.0,4234233.0,32.0,2334234332.0,54242.0,534543.0,19.0,Hipotecario,3.0,False,Imagenes porfavoh,Radicado,,,,
40,ZackSykes,CC,999888,2025-03-12,44432,kkqkk@gmail.com,Primaria,Ingeniero,Soltero,5.0,26.0,Casa,Propia,Aca,Medellin,4.0,4554,22.0,455,Mcdonalds,2025-03-05,Aca,343443,Indefinido,Profesion,20.0,23423423.0,5543.0,4234233.0,32.0,2334234332.0,54242.0,534543.0,20.0,Hipotecario,3.0,False,Imagenes porfavoh,Radicado,,,,
41,Pedrito Juancho,CC,989865,2025-03-06,311130955,pedritoelbueno@gmail.com,Primaria,Ingeniero,Soltero,2.0,27.0,Cl 18 #42 - 66,Propia,Costa Hermosa,Atlantico,2.0,Soledad,23.0,Tecnologia,Kalok,2025-03-14,Itagui,334455,Prestacion,Product,21.0,324234.0,234234.0,32432423.0,3.0,4234324.0,423423423.0,243253253.0,21.0,Consumo,5.0,False,Pruebas de subida de imágenes,Radicado,,,,
42,Fernando Oliveros,CE,14324555,2025-02-26,234567,foliverosocampo0322@gmail.com,Primaria,ingeniero,Soltero,2.0,28.0,cl 4 # 3,Propia,Camino,Atlantico,3.0,Barranquilla,24.0,contratista,no aplica,2025-03-11,cl 4  # 3,3245345646,Indefinido,ingeniero,22.0,2345678.0,567890.0,345879.0,567889.0,3245678.0,3245678.0,3245677.0,22.0,Hipotecario,1.0,False,ESTO ES UNA PRUEBA PYTHON ANYWHERE,Radicado,,,,
43,Rodrigo Perez,CC,1127590000,2025-03-08,3113109999,00zacks00@gmail.com,Secundaria,Ingeniero,Soltero,1.0,29.0,Crra 3H2 17G - 66,Propia,Vista hermosa,Atlantico,3.0,Soledad,25.0,TI,Galgo,2025-03-07,Itagui,3113945,Fijo,Product Data Analyst,23.0,500000.0,9000000.0,50000.0,5.0,300000.0,520000000.0,1200000.0,23.0,Consumo,5.0,False,Esta es una venta que se ingresó a modo de prueba,Radicado,,,,
44,Test Jean Carlos,CC,3333454,2025-03-20,23432432,jsfsd@gmail.com,Primaria,fsdf,Soltero,5.0,30.0,,Propia,,,4.0,,26.0,,,2025-03-27,,,Indefinido,,24.0,534324324.0,3453245.0,4324234.0,4.0,5345324.0,4.0,53453425.0,,,,,,,,,,
45,Test Jean Carlos,CC,99878997,2025-03-20,23432432,jsfsd@gmail.com,Primaria,fsdf,Soltero,5.0,31.0,,Propia,,,4.0,,27.0,fsdfsf,fsfs,2025-03-27,fsfsfs,4234523,Indefinido,,25.0,534324324.0,3453245.0,4324234.0,4.0,5345324.0,4.0,53453425.0,,,,,,,,,,
46,Test Jean Carlos,CC,99878997,2025-03-08,23432432,jsfsd@gmail.com,Primaria,fsdf,Soltero,5.0,32.0,sdfsdfdsfd,Propia,fsafsf,sfsf,4.0,asdfdsaf,28.0,fsdfsf,fsfs,2025-03-27,fsfsfs,4234523,Indefinido,gdfsg32rd,26.0,534324324.0,3453245.0,4324234.0,4.0,5345324.0,4.0,53453425.0,24.0,Hipotecario,3.0,False,fsadfsdaf,Radicado,,,,
47,Test JeanK,CC,11112222,2025-03-08,23432432,jsfsd@gmail.com,Primaria,fsdf,Soltero,5.0,33.0,sdfsdfdsfd,Propia,fsafsf,sfsf,4.0,asdfdsaf,29.0,fsdfsf,fsfs,2025-03-27,fsfsfs,4234523,Indefinido,gdfsg32rd,27.0,534324324.0,3453245.0,4324234.0,4.0,5345324.0,4.0,53453425.0,25.0,Hipotecario,3.0,False,fsadfsdaf,Radicado,11.0,10.0,Davivienda,2025-03-09T00:50:41.918201+00:00
27,Billie Eilish,CC,112345678,2025-03-05,3113109966,dkakjda@gmail.com,Primaria,Ingeniero,Soltero,2.0,14.0,CL 18 4294,Propia,Margaritas,Atlántico,3.0,Medellin,11.0,sio,gal,2025-03-06,Cl48384,3432432423,Indefinido,Prpodu,10.0,3244235.0,4233423423.0,5435435.0,324.0,252543253.0,35353435.0,4234242.0,10.0,Hipotecario,5.0,True,Hola como estas,Estudio de credito,9.0,10.0,Davivienda,2025-03-02T17:05:10.358327+00:00
26,Billie Eilish,CC,112345678,2025-03-05,3113109966,dkakjda@gmail.com,Primaria,Ingeniero,Soltero,2.0,13.0,CL 18 4294,Propia,Margaritas,Atlántico,3.0,Medellin,10.0,sio,gal,2025-03-06,Cl48384,3432432423,Indefinido,Prpodu,9.0,3244235.0,4233423423.0,5435435.0,324.0,252543253.0,35353435.0,4234242.0,9.0,Hipotecario,5.0,True,"El cliente está listo, para desembolso. Condiciones de crédito. 
144M
Plazo 180 meses",Aprobado,,,,
48, Pedro Jancho Rodriguez Pérez, TI, 453453453,1990-12-25, 3109876543, maria.lopez@email.com, Maestría, Arquitecta, Soltera,0.0,,,,,,,,,,,,,,,,,,,,,,,,,,,,,,,,,
49, Pedro Jancho Rodriguez Pérez, TI, 453453453,1990-12-25, 3109876543, maria.lopez@email.com, Maestría, Arquitecta, Soltera,0.0,,,,,,,,,,,,,,,,,,,,,,,,,,,,,,,,,
50, Pedro Jancho Rodriguez Pérez, TI, 453453453,1990-12-25, 3109876543, maria.lopez@email.com, Maestría, Arquitecta, Soltera,0.0,,,,,,,,,,,,,,,,,,,,,,,,,,,,,,,,,
51, Pedro Jancho Rodriguez Pérez, TI, 453453453,1990-12-25, 3109876543, maria.lopez@email.com, Maestría, Arquitecta, Soltera,0.0,,,,,,,,,,,,,,,,,,,,,,,,,,,,,,,,,
52, Pedro Jancho Rodriguez Pérez, TI, 453453453,1990-12-25, 3109876543, maria.lopez@email.com, Maestría, Arquitecta, Soltera,0.0,,,,,,,,,,,,,,,,,,,,,,,,,,,,,,,,,
53, Pedro Jancho Rodriguez Pérez, TI, 453453453,1990-12-25, 3109876543, maria.lopez@email.com, Maestría, Arquitecta, Soltera,0.0,,,,,,,,,,,,,,,,,,,,,,,,,,,,,,,,,
54, Pedro Jancho Rodriguez Pérez, TI, 453453453,1990-12-25, 3109876543, maria.lopez@email.com, Maestría, Arquitecta, Soltera,0.0,,,,,,,,,,,,,,,,,,,,,,,,,,,,,,,,,
55, Pedro Jancho Rodriguez Pérez, TI, 453453453,1990-12-25, 3109876543, maria.lopez@email.com, Maestría, Arquitecta, Soltera,0.0,,,,,,,,,,,,,,,,,,,,,,,,,,,,,,,,,
56,Pedro Jancho Rodriguez Pérez,TI,453453453,1990-12-25,3109876543,maria.lopez@email.com,Maestría,Arquitecta,Soltera,0.0,,,,,,,,,,,,,,,,,,,,,,,,,,,,,,,,,
57,Pedro Jancho Rodriguez Pérez,TI,453453453,1990-12-25,3109876543,maria.lopez@email.com,Maestría,Arquitecta,Soltera,0.0,,,,,,,,,,,,,,,,,,,,,,,,,,,,,,,,,
58,Pedro Jancho Rodriguez Pérez,TI,453453453,1990-12-25,3109876543,maria.lopez@email.com,Maestría,Arquitecta,Soltera,0.0,,,,,,,,,,,,,,,,,,,,,,,,,,,,,,,,,
59,Pedro Jancho Rodriguez Pérez,TI,453453453,1990-12-25,3109876543,maria.lopez@email.com,Maestría,Arquitecta,Soltera,0.0,34.0,Avenida 45 # 10-20,Arrendada,Chapinero,Antioquia,5.0,Medellín,30.0,Independiente,Arquitectura Moderna,2018-07-01,Calle 50 # 20-30,6049876543,Prestación de servicios,Gerente de Proyectos,28.0,8000000.0,450000000.0,90000000.0,75.0,4000000.0,150000000.0,30000000.0,26.0,Consumo,120.0,False,Cliente solicita revisión de tasas,Radicado,12.0,10.0,Banco Innovación,2025-03-15T00:54:06.115738+00:00
60,Billie eilish,TI,4534444,1990-12-25,3109876543,maria.lopez@email.com,Maestría,Arquitecta,Soltera,0.0,35.0,Avenida 45 # 10-20,Arrendada,Chapinero,Antioquia,5.0,Medellín,31.0,Independiente,Arquitectura Moderna,2018-07-01,Calle 50 # 20-30,6049876543,Prestación de servicios,Gerente de Proyectos,29.0,8000000.0,450000000.0,90000000.0,75.0,4000000.0,150000000.0,30000000.0,27.0,Consumo,120.0,False,Cliente solicita revisión de tasas,pendiente,13.0,10.0,Banco Innovación,2025-03-15T00:57:26.669518+00:00
61,Ariana Grande,TI,4534444,1990-12-25,3109876543,maria.lopez@email.com,Maestría,Arquitecta,Soltera,0.0,36.0,Avenida 45 # 10-20,Arrendada,Chapinero,Antioquia,5.0,Medellín,32.0,Independiente,Arquitectura Moderna,2018-07-01,Calle 50 # 20-30,6049876543,Prestación de servicios,Gerente de Proyectos,30.0,8000000.0,450000000.0,90000000.0,75.0,4000000.0,150000000.0,30000000.0,28.0,Consumo,120.0,False,Cliente solicita revisión de tasas,Radicado,14.0,10.0,Banco Innovación,2025-03-15T01:02:21.422666+00:00
72,Prueba test4,TI,113291144,1990-12-25,3109876543,maria.lopez@email.com,Maestría,Arquitecta,Soltera,0.0,47.0,Avenida 45 # 10-20,Arrendada,Chapinero,Antioquia,5.0,Medellín,43.0,Independiente,Arquitectura Moderna,2018-07-01,Calle 50 # 20-30,6049876543,Prestación de servicios,Gerente de Proyectos,41.0,8000000.0,450000000.0,90000000.0,75.0,4000000.0,150000000.0,30000000.0,39.0,Consumo,120.0,False,Cliente solicita revisión de tasas,Radicado,25.0,10.0,Banco Innovación,2025-03-15T02:15:36.142762+00:00
73,Prueba test5,TI,113291144,1990-12-25,3109876543,maria.lopez@email.com,Maestría,Arquitecta,Soltera,0.0,48.0,Avenida 45 # 10-20,Arrendada,Chapinero,Antioquia,5.0,Medellín,44.0,Independiente,Arquitectura Moderna,2018-07-01,Calle 50 # 20-30,6049876543,Prestación de servicios,Gerente de Proyectos,42.0,8000000.0,450000000.0,90000000.0,75.0,4000000.0,150000000.0,30000000.0,40.0,Consumo,120.0,False,Cliente solicita revisión de tasas,Radicado,26.0,10.0,Banco Innovación,2025-03-15T02:17:40.039146+00:00
74,Prueba test54,TI,11355,1990-12-25,3109876543,maria.lopez@email.com,Maestría,Arquitecta,Soltera,0.0,49.0,Avenida 45 # 10-20,Arrendada,Chapinero,Antioquia,5.0,Medellín,45.0,Independiente,Arquitectura Moderna,2018-07-01,Calle 50 # 20-30,6049876543,Prestación de servicios,Gerente de Proyectos,43.0,8000000.0,450000000.0,90000000.0,75.0,4000000.0,150000000.0,30000000.0,41.0,Consumo,120.0,False,Cliente solicita revisión de tasas,Radicado,27.0,10.0,Banco Innovación,2025-03-15T02:19:16.906637+00:00
75,Prueba tes3,TI,113554454,1990-12-25,3109876543,maria.lopez@email.com,Maestría,Arquitecta,Soltera,0.0,50.0,Avenida 45 # 10-20,Arrendada,Chapinero,Antioquia,5.0,Medellín,46.0,Independiente,Arquitectura Moderna,2018-07-01,Calle 50 # 20-30,6049876543,Prestación de servicios,Gerente de Proyectos,44.0,8000000.0,450000000.0,90000000.0,75.0,4000000.0,150000000.0,30000000.0,42.0,Consumo,120.0,False,Cliente solicita revisión de tasas,Radicado,28.0,10.0,Banco Innovación,2025-03-15T02:20:28.620474+00:00
76,Prueba te11,TI,1135544554,1990-12-25,3109876543,maria.lopez@email.com,Maestría,Arquitecta,Soltera,0.0,51.0,Avenida 45 # 10-20,Arrendada,Chapinero,Antioquia,5.0,Medellín,47.0,Independiente,Arquitectura Moderna,2018-07-01,Calle 50 # 20-30,6049876543,Prestación de servicios,Gerente de Proyectos,45.0,8000000.0,450000000.0,90000000.0,75.0,4000000.0,150000000.0,30000000.0,43.0,Consumo,120.0,False,Cliente solicita revisión de tasas,Radicado,29.0,10.0,Banco Innovación,2025-03-15T02:21:16.782407+00:00
77,Prueba te11,TI,1135544554,1990-12-25,3109876543,maria.lopez@email.com,Maestría,Arquitecta,Soltera,0.0,52.0,Avenida 45 # 10-20,Arrendada,Chapinero,Antioquia,5.0,Medellín,48.0,Independiente,Arquitectura Moderna,2018-07-01,Calle 50 # 20-30,6049876543,Prestación de servicios,Gerente de Proyectos,46.0,8000000.0,450000000.0,90000000.0,75.0,4000000.0,150000000.0,30000000.0,44.0,Consumo,120.0,False,Cliente solicita revisión de tasas,Radicado,30.0,10.0,Banco Innovación,2025-03-15T03:41:53.455608+00:00
78,Pruebsd,TI,3333,1990-12-25,3109876543,maria.lopez@email.com,Maestría,Arquitecta,Soltera,0.0,53.0,Avenida 45 # 10-20,Arrendada,Chapinero,Antioquia,5.0,Medellín,49.0,Independiente,Arquitectura Moderna,2018-07-01,Calle 50 # 20-30,6049876543,Prestación de servicios,Gerente de Proyectos,47.0,8000000.0,450000000.0,90000000.0,75.0,4000000.0,150000000.0,30000000.0,45.0,Consumo,120.0,False,Cliente solicita revisión de tasas,Radicado,31.0,10.0,Banco Innovación,2025-03-15T04:14:34.242374+00:00
79,Pruss,TI,3333,1990-12-25,3109876543,maria.lopez@email.com,Maestría,Arquitecta,Soltera,0.0,54.0,Avenida 45 # 10-20,Arrendada,Chapinero,Antioquia,5.0,Medellín,50.0,Independiente,Arquitectura Moderna,2018-07-01,Calle 50 # 20-30,6049876543,Prestación de servicios,Gerente de Proyectos,48.0,8000000.0,450000000.0,90000000.0,75.0,4000000.0,150000000.0,30000000.0,46.0,Consumo,120.0,False,Cliente solicita revisión de tasas,Radicado,32.0,10.0,Banco Innovación,2025-03-15T04:44:03.128082+00:00
80,Pruss,TI,3333,1990-12-25,3109876543,maria.lopez@email.com,Maestría,Arquitecta,Soltera,0.0,55.0,Avenida 45 # 10-20,Arrendada,Chapinero,Antioquia,5.0,Medellín,51.0,Independiente,Arquitectura Moderna,2018-07-01,Calle 50 # 20-30,6049876543,Prestación de servicios,Gerente de Proyectos,49.0,8000000.0,450000000.0,90000000.0,75.0,4000000.0,150000000.0,30000000.0,47.0,Consumo,120.0,False,Cliente solicita revisión de tasas,Radicado,33.0,10.0,Banco Innovación,2025-03-15T04:44:42.723354+00:00
64,Xd,TI,422111144,1990-12-25,3109876543,maria.lopez@email.com,Maestría,Arquitecta,Soltera,0.0,39.0,Avenida 45 # 10-20,Arrendada,Chapinero,Antioquia,5.0,Medellín,35.0,Independiente,Arquitectura Moderna,2018-07-01,Calle 50 # 20-30,6049876543,Prestación de servicios,Gerente de Proyectos,33.0,8000000.0,450000000.0,90000000.0,75.0,4000000.0,150000000.0,30000000.0,31.0,Consumo,120.0,False,Cliente solicita revisión de tasas,Aprobado,17.0,10.0,Banco Innovación,2025-03-15T01:06:10.148284+00:00
65,Grande,TI,422333111144,1990-12-25,3109876543,maria.lopez@email.com,Maestría,Arquitecta,Soltera,0.0,40.0,Avenida 45 # 10-20,Arrendada,Chapinero,Antioquia,5.0,Medellín,36.0,Independiente,Arquitectura Moderna,2018-07-01,Calle 50 # 20-30,6049876543,Prestación de servicios,Gerente de Proyectos,34.0,8000000.0,450000000.0,90000000.0,75.0,4000000.0,150000000.0,30000000.0,32.0,Consumo,120.0,False,Cliente solicita revisión de tasas,Radicado,18.0,10.0,Banco Innovación,2025-03-15T01:07:42.978536+00:00
66,Gssds,TI,4291144,1990-12-25,3109876543,maria.lopez@email.com,Maestría,Arquitecta,Soltera,54.0,41.0,Avenida 45 # 10-20,Arrendada,Chapinero,Antioquia,5.0,Medellín,37.0,Independiente,Arquitectura Moderna,2018-07-01,Calle 50 # 20-30,6049876543,Prestación de servicios,Gerente de Proyectos,35.0,8000000.0,450000000.0,90000000.0,75.0,4000000.0,150000000.0,30000000.0,33.0,Consumo,120.0,True,Cliente solicita revisión de tasas,Radicado,19.0,10.0,Banco Innovación,2025-03-15T01:09:16.55596+00:00
67,Ariana Pequena,TI,4291144,1990-12-25,3109876543,maria.lopez@email.com,Maestría,Arquitecta,Soltera,44.0,42.0,Avenida 45 # 10-20,Arrendada,Chapinero,Antioquia,5.0,Medellín,38.0,Independiente,Arquitectura Moderna,2018-07-01,Calle 50 # 20-30,6049876543,Prestación de servicios,Gerente de Proyectos,36.0,8000000.0,450000000.0,90000000.0,75.0,4000000.0,150000000.0,30000000.0,34.0,Consumo,120.0,True,Cliente solicita revisión de tasas,Radicado,20.0,10.0,Banco Innovación,2025-03-15T02:02:50.638642+00:00
68,Prueba test,TI,444291144,1990-12-25,3109876543,maria.lopez@email.com,Maestría,Arquitecta,Soltera,0.0,43.0,Avenida 45 # 10-20,Arrendada,Chapinero,Antioquia,5.0,Medellín,39.0,Independiente,Arquitectura Moderna,2018-07-01,Calle 50 # 20-30,6049876543,Prestación de servicios,Gerente de Proyectos,37.0,8000000.0,450000000.0,90000000.0,75.0,4000000.0,150000000.0,30000000.0,35.0,Consumo,120.0,False,Cliente solicita revisión de tasas,Radicado,21.0,10.0,Banco Innovación,2025-03-15T02:06:43.188906+00:00
69,Prueba test2,TI,466291144,1990-12-25,3109876543,maria.lopez@email.com,Maestría,Arquitecta,Soltera,0.0,44.0,Avenida 45 # 10-20,Arrendada,Chapinero,Antioquia,5.0,Medellín,40.0,Independiente,Arquitectura Moderna,2018-07-01,Calle 50 # 20-30,6049876543,Prestación de servicios,Gerente de Proyectos,38.0,8000000.0,450000000.0,90000000.0,75.0,4000000.0,150000000.0,30000000.0,36.0,Consumo,120.0,False,Cliente solicita revisión de tasas,Radicado,22.0,10.0,Banco Innovación,2025-03-15T02:11:26.133796+00:00
81,Pruss3,TI,3333,1990-12-25,3109876543,maria.lopez@email.com,Maestría,Arquitecta,Soltera,0.0,56.0,Avenida 45 # 10-20,Arrendada,Chapinero,Antioquia,5.0,Medellín,52.0,Independiente,Arquitectura Moderna,2018-07-01,Calle 50 # 20-30,6049876543,Prestación de servicios,Gerente de Proyectos,50.0,8000000.0,450000000.0,90000000.0,75.0,4000000.0,150000000.0,30000000.0,48.0,Consumo,120.0,False,Cliente solicita revisión de tasas,Radicado,34.0,10.0,Banco Innovación,2025-03-15T04:45:39.791985+00:00
82,Pruss31,TI,3333,1990-12-25,3109876543,maria.lopez@email.com,Maestría,Arquitecta,Soltera,0.0,57.0,Avenida 45 # 10-20,Arrendada,Chapinero,Antioquia,5.0,Medellín,53.0,Independiente,Arquitectura Moderna,2018-07-01,Calle 50 # 20-30,6049876543,Prestación de servicios,Gerente de Proyectos,51.0,8000000.0,450000000.0,90000000.0,75.0,4000000.0,150000000.0,30000000.0,49.0,Consumo,120.0,False,Cliente solicita revisión de tasas,Radicado,35.0,10.0,Banco Innovación,2025-03-15T04:46:46.665756+00:00
83,Im Nayeon,CC,1127590039,1990-12-25,3109876543,im.nayeon@email.com,Maestría,Arquitecta,Soltera,0.0,58.0,Avenida 45 # 10-20,Arrendada,Chapinero,Antioquia,5.0,Medellín,54.0,Independiente,Arquitectura Moderna,2018-07-01,Calle 50 # 20-30,6049876543,Prestación de servicios,Gerente de Proyectos,52.0,8000000.0,450000000.0,90000000.0,75.0,4000000.0,150000000.0,30000000.0,50.0,Consumo,120.0,False,Cliente solicita revisión de tasas,aprobado,36.0,10.0,BBVA,2025-03-15T06:51:13.862069+00:00
84,Manejar,CC,55555566,2025-03-15,2332432,fdsfsdfa@gmail.com,,,,,,,,,,,,,,,,,,,,,,,,,,,,,,,,,,,,,
85,Santiago Terrero,CC,22223333,2025-03-15,311310666,dkaka@gmail.com,Alto,Ingeniero,Soltero,4.0,,,,,,,,,,,,,,,,,,,,,,,,,,,,,,,,,
86,Santiago Terrero,CC,22223333,2025-03-15,311310666,dkaka@gmail.com,Alto,Ingeniero,Soltero,4.0,59.0,sdfsdaf,Propia,Vista hermosa,Atlantico,3.0,Soledad,55.0,TI,Galgo,2025-03-15,Crra 18 VLsk,33333,Aprendizaje,Product,53.0,4445455.0,43343455.0,55443435.0,5.0,5000000.0,5555555.0,3532530.0,51.0,hipotecario,2.0,False,ddsfsagsdg,aprobado,37.0,10.0,Bancolombia,2025-03-15T07:17:21.655357+00:00
87,sadfghjk,CC,sdfghjkl,2011-12-22,12345678,fer@gmail.com,profesional,inge,soltero,1.0,60.0,cl 5,familiar,camino,atlantico,1.0,barranquilla,56.0,inge,inge sa,2000-03-22,cl 3,2345678,indefinido,inge,54.0,24567890.0,34567890.0,567889.0,23.0,1234567.0,234569.0,234579.0,52.0,hipotecario,1.0,True,holaaaaa,pendiente,38.0,6.0,davivienda,2025-03-16T20:58:02.647739+00:00
88,sadfghjk,CC,sdfghjkl,2011-12-22,12345678,fer@gmail.com,profesional,inge,soltero,1.0,61.0,cl 5,familiar,camino,atlantico,1.0,barranquilla,57.0,inge,inge sa,2000-03-22,cl 3,2345678,indefinido,inge,55.0,24567890.0,34567890.0,567889.0,23.0,1234567.0,234569.0,234579.0,53.0,hipotecario,1.0,True,holaaaaa,Radicado,39.0,6.0,davivienda,2025-03-16T20:58:07.722548+00:00
89,zfgdkjl,TI,q3456789,2000-04-23,213546,f@gmail.com,profesional,inge,soltero,1.0,62.0,cl 5a,propia,camino ,atlantico,1.0,barranquilla,58.0,inge,inge sa,2011-04-22,cl 3,2134567,indefinido,inge,56.0,3425678.0,567890.0,45678.0,4546546.0,5645454.0,525252.0,5542545.0,54.0,hipotecario,1.0,True,345678,Radicado,40.0,6.0,davivienda,2025-03-16T21:00:46.179032+00:00
90,zfgdkjl,TI,q3456789,2000-04-23,213546,f@gmail.com,profesional,inge,soltero,1.0,63.0,cl 5a,propia,camino ,atlantico,1.0,barranquilla,59.0,inge,inge sa,2011-04-22,cl 3,2134567,indefinido,inge,57.0,3425678.0,567890.0,45678.0,4546546.0,5645454.0,525252.0,5542545.0,55.0,hipotecario,1.0,True,345678,Radicado,41.0,6.0,davivienda,2025-03-16T21:01:27.065221+00:00
91,zfgdkjl,TI,q3456789,2000-04-23,213546,f@gmail.com,profesional,inge,soltero,1.0,64.0,cl 5a,propia,camino ,atlantico,1.0,barranquilla,60.0,inge,inge sa,2011-04-22,cl 3,2134567,indefinido,inge,58.0,3425678.0,567890.0,45678.0,4546546.0,5645454.0,525252.0,5542545.0,56.0,hipotecario,1.0,True,345678,Radicado,42.0,6.0,davivienda,2025-03-16T21:01:27.271627+00:00
92,zfgdkjl,TI,q3456789,2000-04-23,213546,f@gmail.com,profesional,inge,soltero,1.0,66.0,cl 5a,propia,camino ,atlantico,1.0,barranquilla,61.0,inge,inge sa,2011-04-22,cl 3,2134567,indefinido,inge,60.0,3425678.0,567890.0,45678.0,4546546.0,5645454.0,525252.0,5542545.0,,,,,,,,,,
93,zfgdkjl,TI,q3456789,2000-04-23,213546,f@gmail.com,profesional,inge,soltero,1.0,65.0,cl 5a,propia,camino ,atlantico,1.0,barranquilla,62.0,inge,inge sa,2011-04-22,cl 3,2134567,indefinido,inge,59.0,3425678.0,567890.0,45678.0,4546546.0,5645454.0,525252.0,5542545.0,57.0,hipotecario,1.0,True,345678,Radicado,43.0,6.0,davivienda,2025-03-16T21:01:27.669435+00:00
94,zfgdkjl,TI,q3456789,2000-04-23,213546,f@gmail.com,profesional,inge,soltero,1.0,67.0,cl 5a,propia,camino ,atlantico,1.0,barranquilla,63.0,inge,inge sa,2011-04-22,cl 3,2134567,indefinido,inge,61.0,3425678.0,567890.0,45678.0,4546546.0,5645454.0,525252.0,5542545.0,,,,,,,,,,
95,zfgdkjl,TI,q3456789,2000-04-23,213546,f@gmail.com,profesional,inge,soltero,1.0,68.0,cl 5a,propia,camino ,atlantico,1.0,barranquilla,64.0,inge,inge sa,2011-04-22,cl 3,2134567,indefinido,inge,,,,,,,,,,,,,,,,,,
96,zfgdkjl,TI,q3456789,2000-04-23,213546,f@gmail.com,profesional,inge,soltero,1.0,69.0,cl 5a,propia,camino ,atlantico,1.0,barranquilla,65.0,inge,inge sa,2011-04-22,cl 3,2134567,indefinido,inge,62.0,3425678.0,567890.0,45678.0,4546546.0,5645454.0,525252.0,5542545.0,58.0,hipotecario,1.0,True,345678,Radicado,44.0,6.0,davivienda,2025-03-16T21:01:33.54619+00:00
97,zfgdkjl,TI,q3456789,2000-04-23,213546,f@gmail.com,profesional,inge,soltero,1.0,70.0,cl 5a,propia,camino ,atlantico,1.0,barranquilla,66.0,inge,inge sa,2011-04-22,cl 3,2134567,indefinido,inge,,,,,,,,,,,,,,,,,,
98,zfgdkjl,TI,q3456789,2000-04-23,213546,f@gmail.com,profesional,inge,soltero,1.0,,,,,,,,,,,,,,,,,,,,,,,,,,,,,,,,,
99,zfgdkjl,TI,q3456789,2000-04-23,213546,f@gmail.com,profesional,inge,soltero,1.0,,,,,,,,,,,,,,,,,,,,,,,,,,,,,,,,,
100,zfgdkjl,TI,q3456789,2000-04-23,213546,f@gmail.com,profesional,inge,soltero,1.0,71.0,cl 5a,propia,camino ,atlantico,1.0,barranquilla,67.0,inge,inge sa,2011-04-22,cl 3,2134567,indefinido,inge,63.0,3425678.0,567890.0,45678.0,4546546.0,5645454.0,525252.0,5542545.0,59.0,hipotecario,1.0,True,345678,Radicado,45.0,6.0,davivienda,2025-03-16T21:01:39.252185+00:00
101,fernando prueba,CC,2135678,2025-03-06,2134576,fer@gmail.com,profesional,inge,soltero,1.0,,,,,,,,,,,,,,,,,,,,,,,,,,,,,,,,,
102,fernando prueba,CC,2135678,2025-03-06,2134576,fer@gmail.com,profesional,inge,soltero,1.0,,,,,,,,,,,,,,,,,,,,,,,,,,,,,,,,,
103,fernando prueba,CC,2135678,2025-03-06,2134576,fer@gmail.com,profesional,inge,soltero,1.0,,,,,,,,,,,,,,,,,,,,,,,,,,,,,,,,,
104,fernando prueba,CC,2135678,2025-03-06,2134576,fer@gmail.com,profesional,inge,soltero,1.0,,,,,,,,,,,,,,,,,,,,,,,,,,,,,,,,,
105,prueba,CC,23456,2025-03-04,123456,fer@gmail.com,primaria,inge,casado,1.0,72.0,cl 5a,familiar,camino real,atlantico,1.0,barranquilla,68.0,inge,inge sa,2025-03-06,cl 6,134256,fijo,inge,64.0,2345435454.0,32432324324.0,234234234.0,234234234.0,324242342.0,324234234.0,3242423423.0,60.0,consumo,2.0,True,pruebaaaaaaa,Radicado,46.0,6.0,bancolombia,2025-03-16T21:38:18.776441+00:00
106,PRUEBAAAAAAAA,CC,111111111,2025-03-07,234567890,FER@GMAIL.COM,bachillerato,INGENIERO,soltero,2.0,73.0,CL 5A 333,propia,LA FLORESTA,ATLANTICO,2.0,MANATIIII,69.0,INGENIERO,INGENIERO SA,2025-03-05,CL 7 43,23342423,indefinido,INGENIEROOO,65.0,3456789.0,1234567.0,12435.0,1243546.0,3456789.0,4325.0,324567.0,61.0,hipotecario,2.0,False,HOLAAAAAA,Radicado,47.0,6.0,davivienda,2025-03-16T21:52:41.430171+00:00
107,FERNANDO PRUEBA,CC,1234444,2025-03-04,2134567,FERNANDO@GMAIL.COM,tecnologo,INGENIERO PROFESOR,soltero,2.0,74.0,CL 53,propia,CAMINO,ATLANTICO,1.0,MANATI,70.0,INGENIERO,PRUEBA,2025-03-03,CL 56,345768678,indefinido,INGE,66.0,3234234342.0,1221332213.0,123232213.0,1231231.0,123131.0,1231232.0,123123.0,62.0,hipotecario,1.0,False,HOLAAAA PRUEBAAA,pendiente,48.0,6.0,bancolombia,2025-03-16T22:13:24.00449+00:00
108,Jean Carlos,CC,112750039,2025-06-24,3113109661,00zacks00@gmail.com,primaria,Ingeniero,soltero,2.0,75.0,Crra 382,propia,Vista hermosa,Atlantico,3.0,Soledad,71.0,TI,Galgo,2025-02-26,Itagui,3111309394,indefinido,Product Data Analyst,67.0,2800000.0,5000000.0,500000.0,5.0,900000.0,500000000.0,1000000.0,63.0,hipotecario,2.0,False,Hola,pendiente,49.0,10.0,davivienda,2025-03-17T02:32:39.229103+00:00
109,PRUEBA 17,CE,3125467879,2025-03-06,222222555,FER@GMAIL.COM,bachillerato,DOCTOR,union_libre,3.0,,,,,,,,,,,,,,,,,,,,,,,,,,,,,,,,,
110,PRUEBA 17,CE,3125467879,2025-03-06,222222555,FER@GMAIL.COM,bachillerato,DOCTOR,union_libre,3.0,76.0,CL 57,propia,CAMINO,ATLANTICO,2.0,MANATI,72.0,PROFESOR,PROFE TEACHER,2025-03-13,CL 35,89899890889098,fijo,PROFE,68.0,23456789.0,4356789.0,32456789.0,3456789.0,456789.0,3456789.0,780945678.0,64.0,hipotecario,2.0,False,HOLAAAA,Radicado,50.0,6.0,bbva,2025-03-17T16:00:55.041457+00:00
111,prueba,CC,21323123,2025-03-13,234567,3456@giaml.com,tecnico,dolco,casado,3.0,77.0,cl 5a 3 57,propia,camino real,atlantico,2.0,Manati,73.0,contratista,dolvosa,2025-03-05,cl 5232,65522556,indefinido,dolvo,69.0,23123321.0,12312311.0,1212313132.0,123313.0,121312.0,3123131.0,12313212.0,65.0,hipotecario,2.0,True,holaaaaaa,Radicado,51.0,6.0,bancolombia,2025-03-17T19:09:41.351788+00:00
62,El chavo del 8,TI,453224444,1990-12-25,3109876543,maria.lopez@email.com,Maestría,Arquitecta,Soltera,56.0,37.0,Avenida 45 # 10-20,Arrendada,Chapinero,Antioquia,5.0,Medellín,33.0,Independiente,Arquitectura Moderna,2018-07-01,Calle 50 # 20-30,6049876543,Prestación de servicios,Gerente de Proyectos,31.0,8000000.0,450000000.0,90000000.0,75.0,4000000.0,150000000.0,30000000.0,29.0,Consumo,120.0,True,Cliente solicita revisión de tasas,Aprobado,15.0,10.0,Banco Innovación,2025-03-15T01:03:59.055628+00:00
63,Spencer,TI,4111144,1990-12-25,3109876543,maria.lopez@email.com,Maestría,Arquitecta,Soltera,54.0,38.0,Avenida 45 # 10-20,Arrendada,Chapinero,Antioquia,5.0,Medellín,34.0,Independiente,Arquitectura Moderna,2018-07-01,Calle 50 # 20-30,6049876543,Prestación de servicios,Gerente de Proyectos,32.0,8000000.0,450000000.0,90000000.0,75.0,4000000.0,150000000.0,30000000.0,30.0,Consumo,120.0,True,Cliente solicita revisión de tasas,Pendiente,16.0,10.0,Banco Innovación,2025-03-15T01:04:49.13153+00:00
